{"13.0_77.58": 10.0, "12.97_77.7": 9.927007299270073, "12.97_77.59": 9.927007299270073, "12.98_77.59": 9.343065693430658, "12.98_77.6": 8.905109489051096, "13.03_77.54": 8.467153284671534, "12.95_77.54": 8.321167883211679, "12.98_77.57": 7.956204379562044, "12.92_77.62": 7.664233576642337, "13.01_77.58": 7.007299270072993, "13.04_77.52": 7.007299270072993, "12.96_77.55": 7.007299270072993, "12.92_77.59": 6.642335766423359, "12.93_77.62": 6.423357664233578, "13.04_77.59": 6.204379562043796, "13.02_77.56": 6.204379562043796, "12.97_77.61": 6.204379562043796, "13.04_77.55": 6.204379562043796, "12.96_77.59": 6.131386861313869, "13.02_77.58": 6.058394160583942, "13.04_77.62": 5.474452554744527, "12.96_77.58": 5.328467153284672, "13.1_77.6": 5.036496350364964, "12.94_77.75": 5.036496350364964, "12.96_77.56": 4.963503649635037, "12.97_77.57": 4.963503649635037, "12.99_77.66": 4.671532846715329, "12.91_77.63": 4.671532846715329, "12.99_77.59": 4.598540145985402, "12.99_77.51": 4.598540145985402, "13.03_77.59": 4.452554744525548, "12.96_77.57": 4.37956204379562, "13.02_77.71": 4.37956204379562, "13.05_77.5": 4.233576642335767, "12.98_77.56": 4.160583941605839, "13.07_77.59": 4.014598540145986, "13.01_77.7": 3.9416058394160585, "13.04_77.63": 3.8686131386861318, "13.01_77.57": 3.7956204379562046, "12.94_77.52": 3.7956204379562046, "13.05_77.59": 3.722627737226278, "12.9_77.6": 3.576642335766424, "12.98_77.58": 3.576642335766424, "13.09_77.6": 3.576642335766424, "13.0_77.67": 3.43065693430657, "13.12_77.61": 3.43065693430657, "12.99_77.57": 3.43065693430657, "13.04_77.58": 3.3576642335766427, "12.91_77.57": 3.3576642335766427, "12.98_77.64": 3.2846715328467155, "13.03_77.53": 3.2846715328467155, "12.93_77.69": 3.211678832116789, "12.99_77.5": 3.211678832116789, "12.99_77.58": 3.1386861313868613, "12.97_77.6": 3.1386861313868613, "12.95_77.53": 3.0656934306569346, "12.98_77.61": 3.0656934306569346, "13.05_77.51": 3.0656934306569346, "13.06_77.46": 2.9927007299270074, "12.97_77.62": 2.9197080291970807, "13.04_77.61": 2.9197080291970807, "13.0_77.68": 2.773722627737227, "13.04_77.51": 2.773722627737227, "12.99_77.65": 2.773722627737227, "13.0_77.55": 2.773722627737227, "13.06_77.47": 2.773722627737227, "13.01_77.55": 2.7007299270072993, "13.03_77.63": 2.6277372262773726, "12.92_77.57": 2.6277372262773726, "13.01_77.69": 2.6277372262773726, "12.94_77.6": 2.5547445255474455, "13.04_77.54": 2.5547445255474455, "12.92_77.58": 2.4817518248175183, "12.99_77.52": 2.4817518248175183, "13.04_77.64": 2.4817518248175183, "12.97_77.51": 2.408759124087591, "13.11_77.6": 2.408759124087591, "12.99_77.6": 2.408759124087591, "13.07_77.45": 2.408759124087591, "13.08_77.59": 2.408759124087591, "12.91_77.6": 2.3357664233576645, "13.02_77.55": 2.3357664233576645, "12.98_77.55": 2.3357664233576645, "13.04_77.56": 2.3357664233576645, "12.91_77.59": 2.3357664233576645, "12.96_77.7": 2.2627737226277373, "12.95_77.6": 2.2627737226277373, "12.96_77.64": 2.2627737226277373, "12.95_77.59": 2.2627737226277373, "12.94_77.7": 2.18978102189781, "12.9_77.63": 2.18978102189781, "12.97_77.58": 2.18978102189781, "12.98_77.63": 2.1167883211678835, "12.93_77.55": 2.1167883211678835, "13.1_77.59": 2.0437956204379564, "12.92_77.67": 2.0437956204379564, "12.92_77.6": 2.0437956204379564, "12.89_77.6": 1.9708029197080292, "13.02_77.53": 1.9708029197080292, "13.02_77.66": 1.9708029197080292, "12.92_77.66": 1.9708029197080292, "13.05_77.49": 1.9708029197080292, "12.93_77.68": 1.8978102189781023, "12.96_77.61": 1.8978102189781023, "13.05_77.65": 1.8978102189781023, "12.96_77.63": 1.8978102189781023, "12.95_77.7": 1.8248175182481754, "12.94_77.71": 1.8248175182481754, "13.01_77.59": 1.8248175182481754, "12.98_77.75": 1.8248175182481754, "13.0_77.61": 1.7518248175182483, "12.84_77.68": 1.6788321167883213, "12.89_77.64": 1.6788321167883213, "12.93_77.6": 1.6788321167883213, "12.88_77.6": 1.6058394160583944, "12.98_77.53": 1.6058394160583944, "13.0_77.66": 1.5328467153284673, "12.99_77.62": 1.5328467153284673, "12.96_77.51": 1.5328467153284673, "13.06_77.59": 1.5328467153284673, "12.94_77.61": 1.4598540145985404, "12.96_77.52": 1.4598540145985404, "12.99_77.49": 1.4598540145985404, "12.94_77.58": 1.4598540145985404, "12.99_77.55": 1.4598540145985404, "12.96_77.72": 1.4598540145985404, "12.87_77.65": 1.3868613138686134, "12.92_77.63": 1.3868613138686134, "13.0_77.62": 1.3868613138686134, "12.97_77.54": 1.3868613138686134, "12.96_77.6": 1.3868613138686134, "12.91_77.55": 1.3868613138686134, "12.96_77.69": 1.3138686131386863, "13.03_77.58": 1.3138686131386863, "13.0_77.6": 1.3138686131386863, "12.88_77.75": 1.3138686131386863, "13.0_77.76": 1.3138686131386863, "13.01_77.66": 1.2408759124087592, "12.86_77.59": 1.2408759124087592, "13.02_77.65": 1.2408759124087592, "12.94_77.51": 1.2408759124087592, "12.96_77.75": 1.2408759124087592, "12.94_77.53": 1.1678832116788322, "12.96_77.65": 1.1678832116788322, "13.01_77.53": 1.1678832116788322, "12.96_77.5": 1.1678832116788322, "12.93_77.58": 1.1678832116788322, "13.04_77.53": 1.1678832116788322, "12.95_77.5": 1.1678832116788322, "13.14_77.62": 1.094890510948905, "12.88_77.61": 1.094890510948905, "12.94_77.62": 1.094890510948905, "12.82_77.69": 1.094890510948905, "13.0_77.57": 1.0218978102189782, "12.99_77.61": 1.0218978102189782, "12.93_77.61": 1.0218978102189782, "12.92_77.65": 1.0218978102189782, "12.94_77.63": 1.0218978102189782, "12.96_77.71": 1.0218978102189782, "13.09_77.59": 1.0218978102189782, "13.03_77.56": 1.0218978102189782, "12.97_77.75": 1.0218978102189782, "12.85_77.59": 1.0218978102189782, "13.04_77.6": 0.9489051094890512, "12.87_77.59": 0.9489051094890512, "13.08_77.55": 0.9489051094890512, "12.94_77.69": 0.9489051094890512, "12.88_77.65": 0.9489051094890512, "12.98_77.52": 0.9489051094890512, "12.94_77.57": 0.9489051094890512, "12.96_77.66": 0.9489051094890512, "12.98_77.54": 0.9489051094890512, "13.05_77.55": 0.9489051094890512, "12.95_77.57": 0.9489051094890512, "13.05_77.58": 0.8759124087591241, "12.92_77.61": 0.8759124087591241, "12.95_77.62": 0.8759124087591241, "13.05_77.57": 0.8759124087591241, "13.02_77.59": 0.8759124087591241, "13.07_77.44": 0.8759124087591241, "12.99_77.53": 0.8759124087591241, "12.91_77.62": 0.8759124087591241, "12.97_77.55": 0.8759124087591241, "12.96_77.53": 0.8029197080291972, "12.99_77.73": 0.8029197080291972, "13.06_77.55": 0.8029197080291972, "12.9_77.54": 0.8029197080291972, "13.03_77.57": 0.8029197080291972, "13.02_77.6": 0.8029197080291972, "12.87_77.62": 0.8029197080291972, "13.06_77.48": 0.8029197080291972, "13.19_77.65": 0.8029197080291972, "13.11_77.58": 0.8029197080291972, "12.89_77.56": 0.8029197080291972, "12.93_77.63": 0.8029197080291972, "13.13_77.61": 0.8029197080291972, "12.99_77.71": 0.7299270072992702, "12.88_77.62": 0.7299270072992702, "13.05_77.56": 0.7299270072992702, "13.0_77.53": 0.7299270072992702, "13.07_77.64": 0.7299270072992702, "13.06_77.63": 0.7299270072992702, "13.02_77.64": 0.7299270072992702, "12.98_77.62": 0.7299270072992702, "12.91_77.68": 0.7299270072992702, "13.18_77.64": 0.7299270072992702, "12.97_77.66": 0.7299270072992702, "12.95_77.61": 0.7299270072992702, "13.03_77.64": 0.7299270072992702, "12.85_77.67": 0.6569343065693432, "12.91_77.58": 0.6569343065693432, "12.92_77.56": 0.6569343065693432, "13.15_77.62": 0.6569343065693432, "12.99_77.48": 0.6569343065693432, "12.86_77.66": 0.6569343065693432, "12.92_77.55": 0.6569343065693432, "13.03_77.72": 0.6569343065693432, "12.92_77.64": 0.6569343065693432, "12.97_77.5": 0.6569343065693432, "12.99_77.47": 0.6569343065693432, "13.01_77.62": 0.5839416058394161, "13.08_77.44": 0.5839416058394161, "13.04_77.74": 0.5839416058394161, "12.99_77.74": 0.5839416058394161, "13.12_77.62": 0.5839416058394161, "12.96_77.73": 0.5839416058394161, "12.94_77.56": 0.5839416058394161, "13.06_77.65": 0.5839416058394161, "12.84_77.65": 0.5839416058394161, "12.9_77.57": 0.5839416058394161, "13.08_77.43": 0.5839416058394161, "13.01_77.51": 0.5109489051094891,